timestamp,raw_gaze_position_x,raw_gaze_position_y,calibrated_gaze_position_x,calibrated_gaze_position_y,filtered_gaze_position_x,filtered_gaze_position_y,left_eye_openness,right_eye_openness,tracking_status,status,event,trigger
1757281546539372000,-0.3835488259792328,-1.8441686630249023,919.8581886291504,57.14442551136017,919.8581886291504,57.14442551136017,472.0,282.5,1,1,0,202
1757281546580588700,0.1263464242219925,-1.3355693817138672,978.5900115966797,79.41093921661377,978.5900115966797,79.41093921661377,448.5,280.0,1,1,0,0
1757281546615683500,0.027987349778413773,-1.2683560848236084,972.7979278564453,86.58907771110535,972.7979278564453,86.58907771110535,462.5,296.5,1,1,0,0
1757281546651854600,0.13752730190753937,-1.721189260482788,991.7269134521484,62.56550654768944,991.7269134521484,62.56550654768944,466.5,280.5,1,1,0,0
1757281546687460200,-0.2748483121395111,-1.4112141132354736,931.7472267150879,68.7867683172226,931.7472267150879,68.7867683172226,439.0,307.0,1,1,0,0
1757281546726556700,-0.14219804108142853,-1.3136472702026367,945.7376289367676,79.55399215221405,945.7376289367676,79.55399215221405,455.0,304.5,1,1,0,0
1757281546762728700,-0.17441792786121368,-1.194382667541504,944.7980690002441,81.28379970788956,944.7980690002441,79.41093921661377,448.5,285.0,1,1,0,0
1757281546798313300,-0.18845170736312866,-1.2052725553512573,943.0705261230469,79.81212794780731,944.7980690002441,79.81212794780731,448.5,313.5,1,1,0,0
1757281546833422900,-0.4083462059497833,-1.1709479093551636,912.2803688049316,84.2164894938469,944.7980690002441,84.2164894938469,432.0,295.5,1,1,0,0
1757281546868007600,-0.18001845479011536,-1.3128209114074707,940.7835960388184,75.64741104841232,944.7980690002441,79.41093921661377,447.0,282.5,1,1,0,0
1757281546903275400,0.03273995593190193,-1.1776231527328491,968.4064865112305,91.37484937906265,944.7980690002441,79.81212794780731,461.5,286.0,1,1,0,0
1757281546937856600,-0.2380327731370926,-1.3529691696166992,934.8060035705566,74.40510034561157,944.7980690002441,79.81212794780731,439.0,271.5,1,1,0,0
1757281546975939100,-0.14491039514541626,-1.4015045166015625,949.6136856079102,72.22839117050171,944.7980690002441,79.41093921661377,439.0,294.0,1,1,0,0
1757281547013057700,-0.40464815497398376,-1.277475357055664,909.4489288330078,80.77519655227661,944.7980690002441,79.81212794780731,431.5,283.5,1,1,0,0
1757281547051168100,-0.3349403142929077,-1.1780612468719482,935.6549263000488,165.15034139156342,944.7980690002441,79.81212794780731,403.0,270.5,1,1,0,0
1757281547085784100,0.13609392940998077,-3.034189224243164,954.4607734680176,389.9157929420471,944.7980690002441,79.81212794780731,409.5,255.5,1,1,0,0
1757281547122898800,0.1494438350200653,-3.441849708557129,956.3525390625,419.3287253379822,944.7980690002441,80.77519655227661,409.0,263.5,1,1,0,0
1757281547157012000,0.1233169287443161,-3.7624030113220215,956.769962310791,446.88143849372864,944.7980690002441,165.15034139156342,404.0,255.5,1,1,0,0
1757281547191150000,0.14807741343975067,-3.4195125102996826,963.5354232788086,415.83130717277527,954.4607734680176,389.9157929420471,399.0,263.5,1,1,0,0
1757281547229754200,0.13716788589954376,-3.792264699935913,957.3113250732422,451.2697470188141,956.3525390625,415.83130717277527,400.0,244.5,1,1,0,0
1757281547267845100,0.052683938294649124,-3.6566545963287354,953.5162925720215,435.69157361984253,953.5162925720215,415.83130717277527,380.0,256.0,1,1,0,0
1757281547304942600,0.5239408612251282,-3.208132266998291,989.8267364501953,397.4972927570343,956.3525390625,397.4972927570343,396.5,248.0,1,1,0,0
1757281547340649900,0.18951329588890076,-3.5518441200256348,957.4891090393066,429.19878244400024,956.3525390625,415.83130717277527,387.0,254.0,1,1,0,0
1757281547379769900,0.5986268520355225,-3.4123611450195312,988.5842514038086,418.22768926620483,956.3525390625,415.83130717277527,373.0,225.5,1,1,0,0
1757281547411895100,0.4562396705150604,-3.571821928024292,973.7689590454102,431.07560992240906,957.4891090393066,415.83130717277527,371.5,219.5,1,1,0,0
1757281547448477300,0.4063241481781006,-3.448287010192871,969.6990966796875,422.2639739513397,957.4891090393066,418.22768926620483,391.0,236.5,1,1,0,0
1757281547485583500,0.519055187702179,-3.5374624729156494,992.372932434082,424.7511863708496,969.6990966796875,418.22768926620483,388.0,249.5,1,1,0,0
1757281547524696200,0.24633435904979706,-3.9449543952941895,962.5909423828125,460.0679934024811,962.5909423828125,422.2639739513397,390.5,231.5,1,1,0,0
1757281547561784000,0.6373981833457947,-3.31602144241333,997.5407409667969,408.467355966568,969.6990966796875,418.22768926620483,379.0,240.5,1,1,0,0
1757281547600950300,1.746127963066101,-5.248581409454346,1106.9647979736328,599.6641302108765,969.6990966796875,422.2639739513397,343.5,230.5,1,1,0,0
1757281547637549200,2.145139455795288,-5.794116497039795,1183.289909362793,652.7695512771606,969.6990966796875,422.2639739513397,347.5,223.5,1,1,0,0
1757281547674639400,2.046478033065796,-5.723873138427734,1144.5268249511719,651.0866475105286,997.5407409667969,422.2639739513397,355.0,237.0,1,1,0,0
1757281547716746900,2.157676935195923,-5.945089817047119,1174.7654342651367,667.3113512992859,1106.9647979736328,599.6641302108765,372.5,234.0,1,1,0,0
1757281547755852300,1.021450400352478,-3.828932762145996,1036.85302734375,461.0884666442871,1036.85302734375,461.0884666442871,341.0,234.0,1,1,0,0
1757281547789560900,-2.8328771591186523,-2.3822219371795654,693.1227493286133,308.7274181842804,997.5407409667969,422.2639739513397,363.5,224.0,1,1,0,0
1757281547825669400,-2.831146001815796,-2.13191294670105,674.5782852172852,296.19988203048706,1036.85302734375,461.0884666442871,371.0,236.0,1,1,0,0
1757281547860768300,-2.8680341243743896,-2.2486002445220947,671.8743896484375,295.7349157333374,997.5407409667969,422.2639739513397,399.0,235.5,1,1,0,0
1757281547894363900,-2.8215858936309814,-2.109389066696167,694.5953750610352,282.98529267311096,694.5953750610352,308.7274181842804,410.0,254.0,1,1,0,0
1757281547930470100,-2.993471384048462,-2.951115608215332,679.9895668029785,337.2364890575409,694.5953750610352,337.2364890575409,394.0,270.5,1,1,0,0
1757281547965800700,-2.9777414798736572,-2.5757298469543457,685.3973007202148,309.2485821247101,694.5953750610352,309.2485821247101,406.0,268.0,1,1,0,0
1757281548001894000,-2.8982326984405518,-2.5780868530273438,700.5642700195312,311.27893924713135,694.5953750610352,309.2485821247101,426.5,245.5,1,1,0,0
1757281548038484200,-2.930216073989868,-2.3393027782440186,683.0295753479004,295.65319418907166,694.5953750610352,309.2485821247101,421.5,265.0,1,1,0,0
1757281548076095000,-2.87805438041687,-2.462815284729004,688.2204437255859,304.2055356502533,694.5953750610352,309.2485821247101,411.0,258.5,1,1,0,0
1757281548113283600,-2.896911382675171,-2.38248610496521,654.5238876342773,296.5336239337921,694.5953750610352,309.2485821247101,418.0,253.0,1,1,0,0
1757281548149912300,-2.85144305229187,-2.356368064880371,668.8524627685547,299.22592878341675,688.2204437255859,304.2055356502533,406.5,255.5,1,1,0,0
1757281548187008300,-2.869532823562622,-3.0173888206481934,676.0945701599121,344.62235927581787,688.2204437255859,309.2485821247101,395.5,261.0,1,1,0,0
1757281548222121000,-2.8568532466888428,-3.9066321849823,621.1850166320801,427.4695944786072,676.0945701599121,309.2485821247101,368.5,227.5,1,1,0,0
1757281548260737600,-2.729915142059326,-6.968442440032959,474.0226650238037,778.3837080001831,676.0945701599121,309.2485821247101,371.0,187.0,1,1,0,0
1757281548295324200,-2.862823009490967,-10.851826667785645,486.98278427124023,887.9308748245239,676.0945701599121,344.62235927581787,327.0,189.0,1,1,0,0
1757281548332549200,-2.813518524169922,-11.697232246398926,518.0799293518066,838.2952880859375,621.1850166320801,427.4695944786072,308.0,179.0,1,1,0,0
1757281548368672900,-2.7875537872314453,-10.708365440368652,517.1751022338867,879.8341012001038,518.0799293518066,778.3837080001831,324.0,179.0,1,1,0,0
1757281548409853500,-2.6510818004608154,-10.625136375427246,588.7885665893555,881.5511870384216,588.7885665893555,838.2952880859375,306.0,172.0,1,1,0,0
1757281548448941700,-2.5399439334869385,-10.303128242492676,646.3753509521484,875.159010887146,621.1850166320801,838.2952880859375,330.5,200.0,1,1,0,0
1757281548481625000,-2.740779161453247,-9.995400428771973,517.2080612182617,899.711651802063,518.0799293518066,875.159010887146,332.5,198.5,1,1,0,0
1757281548518209300,-2.674013376235962,-10.530617713928223,579.7168350219727,883.5251212120056,588.7885665893555,875.159010887146,346.5,203.5,1,1,0,0
1757281548554330800,-2.66076397895813,-10.624909400939941,590.9174537658691,908.783483505249,590.9174537658691,875.159010887146,330.0,205.0,1,1,0,0
1757281548590465700,-2.3440756797790527,-9.531363487243652,713.3963584899902,880.0614023208618,588.7885665893555,880.0614023208618,327.5,197.5,1,1,0,0
1757281548624162700,-2.308814525604248,-11.189356803894043,735.2978324890137,863.2400894165039,590.9174537658691,875.159010887146,309.5,189.0,1,1,0,0
1757281548659808200,-2.3528833389282227,-10.788902282714844,724.9367523193359,857.4082803726196,590.9174537658691,875.159010887146,311.5,187.5,1,1,0,0
1757281548696900100,-2.338326930999756,-11.576272010803223,732.8858184814453,871.9114565849304,713.3963584899902,875.159010887146,329.5,192.5,1,1,0,0
1757281548732997900,-2.1394202709198,-10.573585510253906,720.5449676513672,933.0804991722107,720.5449676513672,875.159010887146,349.0,221.5,1,1,0,0
1757281548769615800,-2.520434617996216,-10.613508224487305,626.085376739502,903.7627100944519,626.085376739502,875.159010887146,337.5,200.0,1,1,0,0
1757281548804703600,-2.365565061569214,-9.896795272827148,674.6872329711914,906.2735152244568,713.3963584899902,875.159010887146,334.5,200.5,1,1,0,0
1757281548842826300,-2.4390242099761963,-10.425698280334473,665.3623008728027,911.7214679718018,674.6872329711914,903.7627100944519,352.0,217.5,1,1,0,0
1757281548881935700,-1.575631022453308,-11.912707328796387,845.4350280761719,901.7073440551758,674.6872329711914,901.7073440551758,353.0,230.0,1,1,0,0
1757281548915514000,-0.6633869409561157,-13.906596183776855,992.5286865234375,807.1704196929932,713.3963584899902,875.159010887146,339.5,182.0,1,1,0,0
1757281548951120200,-1.000069499015808,-13.957744598388672,971.9182205200195,778.6056661605835,713.3963584899902,901.7073440551758,323.0,197.5,1,1,0,0
1757281548983802900,-0.717583417892456,-13.861004829406738,993.7760925292969,802.0767116546631,845.4350280761719,875.159010887146,335.5,186.5,1,1,0,0
1757281549020885600,-0.9403475522994995,-13.885594367980957,976.9327926635742,787.263514995575,971.9182205200195,807.1704196929932,337.5,199.5,1,1,0,0
1757281549061689200,-0.8666492104530334,-13.937750816345215,980.0784301757812,790.7138442993164,971.9182205200195,802.0767116546631,340.5,211.5,1,1,0,0
1757281549101822600,-0.35879456996917725,-13.886209487915039,1012.6320648193359,809.4391179084778,976.9327926635742,809.4391179084778,333.0,204.0,1,1,0,0
1757281549138415300,-0.3728260397911072,-13.970366477966309,1016.0791397094727,806.4919924736023,976.9327926635742,806.4919924736023,346.5,214.5,1,1,0,0
1757281549174060000,-0.31754380464553833,-13.858000755310059,1009.4873428344727,820.9838390350342,980.0784301757812,806.4919924736023,332.5,200.0,1,1,0,0
1757281549212160600,-1.5002797842025757,-13.988547325134277,932.7434349060059,747.6085138320923,976.9327926635742,806.4919924736023,340.5,189.5,1,1,0,0
1757281549248781100,-0.7658140063285828,-13.878119468688965,993.1388854980469,795.2753806114197,980.0784301757812,806.4919924736023,314.0,213.5,1,1,0,0
1757281549284873000,-0.5693153738975525,-13.840028762817383,1002.0083999633789,807.9162454605103,980.0784301757812,806.4919924736023,335.5,209.0,1,1,0,0
1757281549324033900,-0.6132507920265198,-13.975224494934082,999.6747207641602,797.8704500198364,980.0784301757812,806.4919924736023,357.0,200.5,1,1,0,0
1757281549360673500,0.20584611594676971,-13.93336009979248,1041.4509201049805,837.2163963317871,993.1388854980469,806.4919924736023,341.0,212.0,1,1,0,0
1757281549395826600,0.06451408565044403,-13.145501136779785,1016.4357376098633,892.2255849838257,999.6747207641602,806.4919924736023,333.5,208.0,1,1,0,0
1757281549429401300,0.49907386302948,-13.242249488830566,1035.582504272461,899.6371722221375,999.6747207641602,806.4919924736023,341.5,200.5,1,1,0,0
1757281549464502600,-0.2030213624238968,-13.2064847946167,1001.209602355957,868.078236579895,1001.209602355957,837.2163963317871,335.5,201.0,1,1,0,0
1757281549501637900,0.5784581899642944,-13.53568172454834,1049.3976974487305,875.8633160591125,1001.209602355957,868.078236579895,329.5,217.0,1,1,0,0
1757281549539233000,0.7751039266586304,-13.627605438232422,1065.2293395996094,864.7665023803711,1001.209602355957,864.7665023803711,335.0,209.0,1,1,0,0
1757281549577849900,0.7506439089775085,-13.671948432922363,1060.916862487793,863.6547160148621,1001.209602355957,863.6547160148621,322.5,211.5,1,1,0,0
1757281549614936900,0.7774503827095032,-13.335346221923828,1052.9896545410156,894.3086314201355,1049.3976974487305,868.078236579895,321.5,187.5,1,1,0,0
1757281549653070300,0.3663327097892761,-13.661051750183105,1045.7201385498047,856.2923097610474,1045.7201385498047,864.7665023803711,354.0,196.5,1,1,0,0
1757281549687664000,0.2008563131093979,-13.580726623535156,1027.3267364501953,866.8348717689514,1027.3267364501953,864.7665023803711,317.0,186.0,1,1,0,0
1757281549725767300,0.5004940032958984,-13.721962928771973,1056.9637298583984,849.1649293899536,1049.3976974487305,864.7665023803711,323.0,205.5,1,1,0,0
1757281549761859900,0.1734607070684433,-13.289283752441406,1021.8814086914062,891.7631936073303,1045.7201385498047,864.7665023803711,327.0,201.0,1,1,0,0
1757281549800538400,0.357485830783844,-13.210341453552246,1033.2140350341797,889.3714785575867,1033.2140350341797,864.7665023803711,326.5,203.0,1,1,0,0
1757281549835632100,0.026270437985658646,-13.081263542175293,1027.8868103027344,873.7480187416077,1033.2140350341797,864.7665023803711,303.5,218.0,1,1,0,0
1757281549871740700,-0.4960096478462219,-12.835089683532715,1001.2727737426758,872.8267121315002,1033.2140350341797,872.8267121315002,279.5,182.0,1,1,0,0
1757281549909325800,-0.9206997752189636,-13.106179237365723,1005.6597518920898,817.9900431632996,1033.2140350341797,864.7665023803711,263.5,176.5,1,1,0,0
1757281549945453100,-0.49938875436782837,-12.9649076461792,1010.0252151489258,852.5462508201599,1027.8868103027344,864.7665023803711,268.0,159.0,1,1,0,0
1757281549981551800,-0.034895073622465134,-12.859061241149902,1022.2968292236328,885.9574556350708,1022.2968292236328,872.8267121315002,278.0,176.5,1,1,0,0
1757281550018140500,-0.11007966101169586,-13.181708335876465,1030.5203247070312,857.334508895874,1030.5203247070312,864.7665023803711,271.5,187.0,1,1,0,0
1757281550053813900,0.18715642392635345,-12.864180564880371,1032.8202438354492,892.1639156341553,1027.8868103027344,864.7665023803711,268.5,174.5,1,1,0,0
1757281550091937600,-0.617843508720398,-12.97706127166748,1011.8084335327148,839.7829484939575,1022.2968292236328,864.7665023803711,249.5,178.0,1,1,0,0
1757281550129566700,-0.059844087809324265,-13.312877655029297,1038.9210891723633,842.6592636108398,1030.5203247070312,864.7665023803711,253.0,155.0,1,1,0,0
1757281550166267000,-0.1884492188692093,-13.109885215759277,1026.665153503418,865.4164123535156,1027.8868103027344,864.7665023803711,260.0,164.5,1,1,0,0
1757281550202381800,-0.7705979943275452,-13.192873001098633,1000.4393005371094,828.3874440193176,1022.2968292236328,864.7665023803711,297.0,157.0,1,1,0,0
1757281550240474900,-0.33766424655914307,-13.278509140014648,1030.4969787597656,827.0632266998291,1030.4969787597656,864.7665023803711,267.0,165.5,1,1,0,0
1757281550279608800,-0.700201153755188,-13.436532974243164,1032.3985290527344,791.5024781227112,1027.8868103027344,864.7665023803711,250.5,166.0,1,1,0,0
1757281550315696700,-0.09638293087482452,-13.207661628723145,1037.317771911621,846.9588661193848,1030.4969787597656,846.9588661193848,239.0,167.5,1,1,0,0
1757281550351809000,-0.291253924369812,-13.49340534210205,1042.1868896484375,809.1862607002258,1030.4969787597656,846.9588661193848,272.5,178.0,1,1,0,0
1757281550390912300,-0.20579685270786285,-12.419346809387207,1007.7971649169922,865.2113842964172,1027.8868103027344,864.7665023803711,262.0,174.0,1,1,0,0
1757281550427517300,1.4286149740219116,-10.134480476379395,1023.7855911254883,976.5644717216492,1030.4969787597656,846.9588661193848,280.0,154.5,1,1,0,0
1757281550464601100,0.8639770150184631,-8.908387184143066,939.4730758666992,948.890962600708,1027.8868103027344,864.7665023803711,296.0,183.0,1,1,0,0
1757281550496170600,1.0967999696731567,-7.287394046783447,1006.3080596923828,803.2449531555176,1023.7855911254883,864.7665023803711,309.5,206.0,1,1,0,0
1757281550534511800,0.21781586110591888,-6.781820774078369,948.0852699279785,755.656943321228,1023.7855911254883,846.9588661193848,323.0,183.0,1,1,0,0
1757281550571629500,0.9525460004806519,-7.084513187408447,1021.1798858642578,796.1153197288513,1021.1798858642578,846.9588661193848,342.5,214.5,1,1,0,0
1757281550608214800,0.9287832379341125,-6.698711395263672,1040.0933074951172,758.5040974617004,1023.7855911254883,803.2449531555176,342.5,210.0,1,1,0,0
1757281550645331100,0.4712446331977844,-7.240379810333252,1000.7955551147461,818.5880041122437,1021.1798858642578,818.5880041122437,356.5,229.0,1,1,0,0
1757281550680483700,0.6430394053459167,-6.858516216278076,1022.9834747314453,788.1506395339966,1021.1798858642578,803.2449531555176,345.0,227.5,1,1,0,0
1757281550715084500,0.12147541344165802,-6.925832748413086,1007.113037109375,789.3347811698914,1021.1798858642578,803.2449531555176,374.0,232.5,1,1,0,0
1757281550751220700,0.3431095778942108,-6.377910137176514,1015.1581192016602,729.7399163246155,1021.1798858642578,803.2449531555176,363.0,238.0,1,1,0,0
1757281550791342800,0.3019227683544159,-6.916268348693848,1013.4433364868164,794.1477584838867,1021.1798858642578,794.1477584838867,373.0,230.0,1,1,0,0
1757281550825939000,0.407508909702301,-6.803991794586182,1024.207534790039,780.6101775169373,1021.1798858642578,794.1477584838867,378.0,242.5,1,1,0,0
1757281550860586400,0.3733685612678528,-6.579251766204834,1022.0634841918945,754.8638677597046,1021.1798858642578,794.1477584838867,392.5,227.0,1,1,0,0
1757281550894736400,0.45410433411598206,-6.9140543937683105,1034.0472793579102,787.316107749939,1021.1798858642578,794.1477584838867,382.0,244.5,1,1,0,0
1757281550930827300,0.4173707365989685,-6.467386722564697,1016.4737319946289,746.2907981872559,1021.1798858642578,787.316107749939,386.5,229.0,1,1,0,0
1757281550972161600,0.8488383889198303,-9.867868423461914,969.1902923583984,1030.8927869796753,1021.1798858642578,794.1477584838867,385.5,229.5,1,1,0,0
1757281551011249900,-0.26217615604400635,-12.789444923400879,967.3331451416016,926.3015699386597,1021.1798858642578,794.1477584838867,366.0,215.5,1,1,0,0
1757281551048855100,-0.24516792595386505,-12.821656227111816,969.3720245361328,923.6033749580383,1016.4737319946289,794.1477584838867,342.5,209.0,1,1,0,0
1757281551085503700,-0.20389433205127716,-12.453570365905762,958.3761405944824,950.3623366355896,969.3720245361328,923.6033749580383,362.0,224.5,1,1,0,0
1757281551125691900,-0.5144363641738892,-12.869290351867676,956.3201522827148,905.6419515609741,969.3720245361328,905.6419515609741,360.5,219.5,1,1,0,0
1757281551163333900,-0.05042172595858574,-12.995377540588379,979.8409652709961,923.3616542816162,979.8409652709961,923.3616542816162,368.0,225.0,1,1,0,0
1757281551200447600,1.0803054571151733,-9.208783149719238,988.7707901000977,981.5117311477661,969.3720245361328,923.6033749580383,344.0,196.5,1,1,0,0
1757281551235041800,1.1233935356140137,-8.3290376663208,1018.4116744995117,916.3823962211609,979.8409652709961,916.3823962211609,350.0,225.0,1,1,0,0
1757281551274674600,0.6685378551483154,-7.3553690910339355,1025.2720642089844,831.3370156288147,979.8409652709961,923.3616542816162,360.5,251.0,1,1,0,0
1757281551311794400,0.944141685962677,-7.660618305206299,1041.1169815063477,868.1181478500366,988.7707901000977,916.3823962211609,386.5,222.5,1,1,0,0
1757281551348377300,0.6077728867530823,-6.779077529907227,1033.7722778320312,775.6288003921509,1018.4116744995117,916.3823962211609,369.5,252.5,1,1,0,0
1757281551384502200,0.880268394947052,-6.766417980194092,1048.402976989746,772.0101356506348,1025.2720642089844,868.1181478500366,402.5,244.5,1,1,0,0
1757281551420578600,1.0949451923370361,-7.269484043121338,1060.1902770996094,823.9151930809021,1033.7722778320312,868.1181478500366,407.0,247.0,1,1,0,0
1757281551458186900,1.1474659442901611,-6.960212707519531,1072.3627853393555,794.6604251861572,1033.7722778320312,823.9151930809021,387.5,259.0,1,1,0,0
1757281551494449700,0.7185102105140686,-7.437641143798828,1044.0229797363281,843.8526105880737,1044.0229797363281,843.8526105880737,391.0,256.5,1,1,0,0
1757281551530528200,0.676007091999054,-7.7478227615356445,1014.2336654663086,878.463020324707,1033.7722778320312,868.1181478500366,408.0,271.0,1,1,0,0
1757281551566134900,0.49792930483818054,-6.982725620269775,1028.1177520751953,799.4503569602966,1033.7722778320312,823.9151930809021,398.0,256.5,1,1,0,0
1757281551601222900,0.6646251082420349,-7.259498119354248,1038.6167907714844,830.4762196540833,1038.6167907714844,843.8526105880737,410.0,262.5,1,1,0,0
1757281551637802500,0.7001046538352966,-7.667769908905029,1024.8500061035156,870.4549527168274,1033.7722778320312,868.1181478500366,416.5,258.5,1,1,0,0
1757281551673982900,0.7490213513374329,-7.640719890594482,1022.9854202270508,870.6200695037842,1033.7722778320312,843.8526105880737,409.0,244.0,1,1,0,0
1757281551712112100,-0.32930755615234375,-10.461554527282715,880.5353164672852,1060.4799127578735,1033.7722778320312,868.1181478500366,417.5,238.5,1,1,0,0
1757281551772245700,0.7225378751754761,-9.1373872756958,967.9256057739258,1006.5411186218262,1024.8500061035156,870.4549527168274,408.5,213.5,1,1,0,0
1757281551809844300,0.9320815801620483,-7.6129150390625,1036.9234085083008,860.2934789657593,1033.7722778320312,860.2934789657593,394.5,235.0,1,1,0,0
1757281551846939200,0.9736742377281189,-7.580602169036865,1042.9336166381836,858.5330700874329,1033.7722778320312,868.1181478500366,435.0,238.0,1,1,0,0
1757281551881676700,1.1364490985870361,-7.831456661224365,1040.2780151367188,887.4113845825195,1033.7722778320312,870.4549527168274,396.0,257.5,1,1,0,0
1757281551918297700,1.1138300895690918,-8.328441619873047,1020.6467056274414,936.3362288475037,1033.7722778320312,868.1181478500366,442.0,255.5,1,1,0,0
1757281551955401800,0.7471553683280945,-7.4890313148498535,1039.5756912231445,846.9391679763794,1033.7722778320312,868.1181478500366,403.0,260.5,1,1,0,0
1757281551992621300,0.9409264922142029,-7.889443874359131,1034.223861694336,891.7050004005432,1033.7722778320312,870.4549527168274,438.5,260.0,1,1,0,0
1757281552030707000,0.5583752393722534,-8.509581565856934,972.5356292724609,956.9003820419312,1033.7722778320312,870.4549527168274,408.0,262.0,1,1,0,0
1757281552069311800,-1.9628366231918335,-14.045517921447754,879.8858070373535,710.0859975814819,1033.7722778320312,868.1181478500366,335.5,198.0,1,1,0,0
1757281552107469100,-1.752219319343567,-13.917351722717285,899.754581451416,737.7092957496643,1033.7722778320312,870.4549527168274,323.5,192.0,1,1,0,0
1757281552145567100,-1.9094785451889038,-13.206441879272461,889.9263954162598,757.7594947814941,972.5356292724609,868.1181478500366,290.5,188.5,1,1,0,0
1757281552180709700,-1.8233615159988403,-12.874382019042969,922.9308128356934,763.5875058174133,922.9308128356934,763.5875058174133,233.0,168.5,1,1,0,0
1757281552214305000,-1.424703598022461,-13.126750946044922,988.8942718505859,766.3124799728394,988.8942718505859,766.3124799728394,215.0,177.5,1,1,0,0
1757281552250551600,-1.5826184749603271,-12.814459800720215,958.4971046447754,779.5346975326538,958.4971046447754,779.5346975326538,208.5,176.0,1,1,0,0
1757281552287216400,-1.8585269451141357,-13.580336570739746,958.3267021179199,707.9434704780579,958.3267021179199,763.5875058174133,189.5,166.5,1,1,0,0
1757281552325348100,-1.298274278640747,-12.929218292236328,994.0829086303711,788.3747220039368,988.8942718505859,766.3124799728394,183.0,153.5,1,1,0,0
1757281552364474000,-1.653666377067566,-12.747285842895508,951.683521270752,781.3843274116516,958.4971046447754,779.5346975326538,187.0,163.0,1,1,0,0
1757281552401573200,-1.779649019241333,-12.752890586853027,933.3659362792969,762.7631449699402,958.3267021179199,763.5875058174133,168.0,168.0,1,1,0,0
1757281552434163900,-1.4883723258972168,-12.80051326751709,972.7669143676758,783.3132004737854,972.7669143676758,779.5346975326538,192.0,151.5,1,1,0,0
1757281552471290500,-1.3665131330490112,-12.829191207885742,989.3619918823242,784.3562364578247,958.4971046447754,779.5346975326538,177.5,154.5,1,1,0,0
1757281552505899200,-1.4427613019943237,-13.16242504119873,995.115966796875,765.1022028923035,972.7669143676758,765.1022028923035,158.0,138.5,1,1,0,0
1757281552541011800,-1.4849573373794556,-13.2345552444458,993.548469543457,756.4384961128235,972.7669143676758,779.5346975326538,157.0,136.5,1,1,0,0
1757281552575604200,-1.4632898569107056,-13.014334678649902,995.2576446533203,766.7010354995728,989.3619918823242,766.7010354995728,157.0,157.5,1,1,0,0
1757281552615778200,-1.5436785221099854,-13.225788116455078,1005.6778335571289,737.1070861816406,993.548469543457,765.1022028923035,130.5,151.0,1,1,0,0
1757281552652878200,-1.9363521337509155,-10.349844932556152,842.9893112182617,787.2120809555054,972.7669143676758,779.5346975326538,185.0,138.5,1,1,0,0
1757281552687482000,-0.857505738735199,-4.735476493835449,830.5060386657715,553.5735011100769,989.3619918823242,766.7010354995728,303.0,178.5,1,1,0,0
1757281552724588500,-0.4837431311607361,-1.8612697124481201,931.0307121276855,273.7395250797272,972.7669143676758,765.1022028923035,333.5,230.0,1,1,0,0
1757281552762693200,-0.44963008165359497,-2.046276807785034,933.0716514587402,290.02116680145264,933.0716514587402,765.1022028923035,386.5,256.5,1,1,0,0
1757281552802826400,-0.9805793166160583,-2.16609263420105,896.5231704711914,301.78221344947815,933.0716514587402,553.5735011100769,432.0,274.0,1,1,0,0
1757281552837405700,-1.0321699380874634,-2.1218273639678955,882.3427963256836,306.41610503196716,933.0716514587402,306.41610503196716,426.5,292.0,1,1,0,0
1757281552874534300,-1.4454537630081177,-2.2315566539764404,862.1611404418945,310.76759219169617,933.0716514587402,310.76759219169617,476.5,294.0,1,1,0,0
1757281552915647900,-1.7344573736190796,-2.28531551361084,842.8976440429688,312.04121232032776,896.5231704711914,312.04121232032776,496.0,315.0,1,1,0,0
1757281552952756000,-1.0110784769058228,-1.897601842880249,892.998161315918,286.24024987220764,892.998161315918,306.41610503196716,512.5,317.5,1,1,0,0
1757281552986335800,-0.19834502041339874,-1.6797068119049072,959.3476295471191,248.33151161670685,933.0716514587402,310.76759219169617,514.5,296.5,1,1,0,0
1757281553020504600,2.08493709564209,-2.8400754928588867,1548.0671310424805,162.11140394210815,896.5231704711914,306.41610503196716,478.0,305.0,1,1,0,0
1757281553055100200,1.3602558374404907,-4.554098606109619,1746.8999862670898,101.77574247121811,933.0716514587402,286.24024987220764,464.5,240.0,1,1,0,0
1757281553094220000,1.5239810943603516,-3.9264907836914062,1736.7306518554688,89.6256011724472,959.3476295471191,248.33151161670685,470.0,280.5,1,1,0,0
1757281553133336800,1.7413740158081055,-3.6996073722839355,1759.976921081543,68.5567957162857,1548.0671310424805,162.11140394210815,488.5,282.5,1,1,0,0
1757281553170427700,1.7307987213134766,-3.641512870788574,1714.9665069580078,89.93444681167603,1714.9665069580078,101.77574247121811,483.5,275.5,1,1,0,0
1757281553205024800,1.6145753860473633,-3.5381417274475098,1686.2823486328125,106.16204738616943,1686.2823486328125,106.16204738616943,480.0,265.5,1,1,0,0
1757281553244162900,1.743396282196045,-3.386444568634033,1709.0269088745117,82.4791744351387,1709.0269088745117,101.77574247121811,487.5,273.5,1,1,0,0
1757281553281606300,1.907504916191101,-3.1464273929595947,1706.3105392456055,85.71265518665314,1709.0269088745117,101.77574247121811,487.5,269.5,1,1,0,0
1757281553316205000,1.8722436428070068,-3.1252870559692383,1710.6386947631836,72.69969016313553,1709.0269088745117,101.77574247121811,492.5,277.0,1,1,0,0
1757281553353328500,1.6866117715835571,-3.757997989654541,1779.115104675293,52.1211938560009,1709.0269088745117,85.71265518665314,492.0,270.0,1,1,0,0
1757281553387913000,1.756771206855774,-3.2761178016662598,1688.7799072265625,75.81396013498306,1709.0269088745117,85.71265518665314,507.0,277.0,1,1,0,0
1757281553423001200,1.900816559791565,-3.337240695953369,1742.9796981811523,71.73318564891815,1709.0269088745117,75.81396013498306,482.5,275.0,1,1,0,0
1757281553458088900,1.9219743013381958,-3.6054656505584717,1775.2540969848633,57.06341207027435,1709.0269088745117,75.81396013498306,477.5,259.0,1,1,0,0
1757281553493200100,1.41715407371521,-4.381071090698242,1736.015739440918,77.28308111429214,1709.0269088745117,77.28308111429214,501.0,246.5,1,1,0,0
1757281553528794900,1.5646520853042603,-4.136757850646973,1750.0553512573242,98.14577221870422,1736.015739440918,75.81396013498306,479.0,251.5,1,1,0,0
1757281553565900800,1.3216098546981812,-4.410475730895996,1746.1318588256836,82.00818121433258,1736.015739440918,77.28308111429214,459.5,252.0,1,1,0,0
1757281553603017000,1.2417067289352417,-4.732106685638428,1770.4885482788086,112.5847202539444,1736.015739440918,77.28308111429214,467.0,246.5,1,1,0,0
1757281553643239400,1.4027255773544312,-4.302294731140137,1755.4641723632812,93.52078020572662,1746.1318588256836,82.00818121433258,495.0,258.0,1,1,0,0
1757281553679338300,1.3291547298431396,-4.493589401245117,1762.4499893188477,90.77465146780014,1746.1318588256836,82.00818121433258,493.0,237.0,1,1,0,0
1757281553714475200,1.4489481449127197,-4.429350852966309,1790.0984573364258,84.22913074493408,1755.4641723632812,84.22913074493408,482.0,252.5,1,1,0,0
1757281553773111700,1.3887203931808472,-4.471948146820068,1746.8888854980469,85.86407661437988,1746.8888854980469,84.22913074493408,481.0,266.0,1,1,0,0
1757281553809691800,1.4737316370010376,-4.357247352600098,1726.574592590332,130.21847695112228,1746.1318588256836,84.22913074493408,475.0,243.5,1,1,0,0
1757281553846783500,1.3852379322052002,-4.384500980377197,1762.7935409545898,101.65198534727097,1755.4641723632812,84.22913074493408,477.0,241.5,1,1,0,0
1757281553883402500,1.5716906785964966,-3.8321375846862793,1746.6446685791016,62.79982030391693,1746.8888854980469,84.22913074493408,519.0,254.0,1,1,0,0
1757281553920503700,1.4340574741363525,-4.3009867668151855,1777.6288604736328,77.06111490726471,1746.8888854980469,84.22913074493408,491.5,256.0,1,1,0,0
1757281553957640400,1.4322947263717651,-4.173973560333252,1716.9276809692383,85.67376583814621,1746.8888854980469,84.22913074493408,461.5,249.0,1,1,0,0
1757281553994789500,1.570863127708435,-3.8881728649139404,1700.7611846923828,105.04824131727219,1746.8888854980469,84.22913074493408,469.0,252.5,1,1,0,0
1757281554031894100,1.5008795261383057,-4.187572956085205,1796.513900756836,52.26350247859955,1746.8888854980469,84.22913074493408,463.5,290.0,1,1,0,0
1757281554068494400,1.6726404428482056,-3.932835102081299,1769.5049285888672,53.73139634728432,1746.8888854980469,84.22913074493408,450.5,255.5,1,1,0,0
1757281554105588900,1.7834080457687378,-3.917893886566162,1811.535301208496,64.49841096997261,1746.8888854980469,84.22913074493408,469.0,264.5,1,1,0,0
1757281554139187200,1.4276264905929565,-4.120663642883301,1765.4304885864258,35.63742086291313,1765.4304885864258,64.49841096997261,487.0,265.0,1,1,0,0
1757281554178427400,1.4993764162063599,-4.23588228225708,1783.3694458007812,68.16519856452942,1765.4304885864258,68.16519856452942,471.0,254.5,1,1,0,0
1757281554211516100,1.2104253768920898,-4.967148303985596,1803.5393142700195,86.23057633638382,1765.4304885864258,84.22913074493408,467.5,254.5,1,1,0,0
1757281554249116700,1.4246681928634644,-4.680848598480225,1785.7717895507812,76.98315113782883,1765.4304885864258,68.16519856452942,488.0,238.5,1,1,0,0
1757281554281756900,1.9075008630752563,-2.8394556045532227,1543.3059310913086,148.29343020915985,1765.4304885864258,76.98315113782883,452.5,286.0,1,1,0,0
1757281554318462800,2.660524606704712,-1.4910762310028076,1310.5078125,196.86404585838318,1765.4304885864258,84.22913074493408,465.5,303.0,1,1,0,0
1757281554353064300,2.592280149459839,-1.814408779144287,1397.556266784668,150.37304878234863,1765.4304885864258,84.22913074493408,457.0,311.5,1,1,0,0
1757281554388658700,2.6968936920166016,-1.6211698055267334,1347.568016052246,190.98670899868011,1543.3059310913086,148.29343020915985,448.5,334.0,1,1,0,0
1757281554425755900,2.5624778270721436,-1.7765417098999023,1358.5190963745117,201.95171892642975,1397.556266784668,150.37304878234863,450.5,308.0,1,1,0,0
1757281554464879700,2.7164723873138428,-1.52976655960083,1315.4895401000977,201.92339479923248,1397.556266784668,150.37304878234863,437.0,327.0,1,1,0,0
1757281554502048100,2.622066020965576,-1.646481990814209,1354.7988510131836,176.4454561471939,1358.5190963745117,176.4454561471939,443.5,324.0,1,1,0,0
1757281554540663900,2.477083444595337,-1.8720500469207764,1415.884666442871,164.3359100818634,1397.556266784668,164.3359100818634,418.0,330.0,1,1,0,0
1757281554573354000,2.6220204830169678,-1.4395997524261475,1267.7213287353516,204.6568340063095,1358.5190963745117,176.4454561471939,423.5,311.5,1,1,0,0
1757281554761793700,2.161081552505493,-1.3789329528808594,1106.6057968139648,224.13100719451904,1358.5190963745117,176.4454561471939,431.5,313.0,1,1,0,0
1757281554869759000,3.156036615371704,-3.1191561222076416,1262.2933959960938,344.9703919887543,1358.5190963745117,176.4454561471939,472.5,306.5,1,1,0,0
1757281554953448900,3.4176766872406006,-3.1270604133605957,1386.0518646240234,333.550683259964,1358.5190963745117,204.6568340063095,443.0,296.5,1,1,0,0
1757281555023157300,3.1043906211853027,-8.142265319824219,1232.3780822753906,784.1033792495728,1358.5190963745117,224.13100719451904,396.5,283.0,1,1,0,0
1757281555090518800,3.3115155696868896,-8.733057022094727,1249.6458435058594,821.9514298439026,1358.5190963745117,333.550683259964,363.0,265.0,1,1,0,0
1757281555153245400,2.9963531494140625,-9.46416187286377,1162.4827194213867,892.3533010482788,1358.5190963745117,333.550683259964,361.5,252.0,1,1,0,0
1757281555216540700,3.671844720840454,-13.557767868041992,1350.5342102050781,894.3457102775574,1350.5342102050781,784.1033792495728,349.0,224.0,1,1,0,0
1757281555278268000,3.271052122116089,-13.060683250427246,1435.1634979248047,922.1259498596191,1358.5190963745117,821.9514298439026,347.0,268.5,1,1,0,0
1757281555347236400,3.15138840675354,-13.422154426574707,1481.839256286621,907.2548174858093,1358.5190963745117,892.3533010482788,348.5,259.0,1,1,0,0
1757281555418559900,3.6971657276153564,-13.864840507507324,1364.018669128418,873.4690260887146,1358.5190963745117,873.4690260887146,363.5,263.0,1,1,0,0
1757281555492365800,3.411316156387329,-14.173941612243652,1396.530990600586,862.0574927330017,1364.018669128418,862.0574927330017,349.5,262.0,1,1,0,0
1757281555562626100,3.5179810523986816,-14.248200416564941,1401.2236404418945,853.5359859466553,1364.018669128418,873.4690260887146,343.0,257.5,1,1,0,0
1757281555633394000,2.8946168422698975,-14.323142051696777,1521.8231964111328,865.6717157363892,1364.018669128418,865.6717157363892,368.5,245.5,1,1,0,0
1757281555713203100,3.186750650405884,-14.101856231689453,1431.9051361083984,874.7140645980835,1396.530990600586,865.6717157363892,321.0,252.0,1,1,0,0
1757281555793222700,3.488865852355957,-14.137554168701172,1347.7967834472656,864.0224146842957,1364.018669128418,865.6717157363892,344.5,277.0,1,1,0,0
1757281555858422600,3.500767230987549,-14.068703651428223,1341.0998153686523,868.8042998313904,1364.018669128418,865.6717157363892,341.5,252.0,1,1,0,0
1757281555920664700,2.9923369884490967,-13.954188346862793,1417.2663116455078,893.8313698768616,1396.530990600586,865.6717157363892,337.0,252.5,1,1,0,0
1757281555986887900,3.1065621376037598,-13.763545989990234,1358.781967163086,905.2636957168579,1364.018669128418,865.6717157363892,317.0,257.5,1,1,0,0
1757281556049067900,3.166411876678467,-13.968269348144531,1353.7215042114258,889.0051317214966,1364.018669128418,868.8042998313904,333.0,240.5,1,1,0,0
1757281556134502600,3.2196409702301025,-11.342846870422363,1289.4364929199219,984.0511178970337,1364.018669128418,889.0051317214966,344.5,250.5,1,1,0,0
1757281556202837500,2.7677388191223145,-9.455134391784668,1153.4894943237305,931.2530779838562,1358.781967163086,889.0051317214966,341.5,239.0,1,1,0,0
1757281556265688100,2.7810425758361816,-9.35090446472168,1152.5439834594727,921.6067814826965,1353.7215042114258,889.0051317214966,327.5,241.5,1,1,0,0
1757281556336396300,3.3633759021759033,-8.939873695373535,1317.0011901855469,849.4130229949951,1317.0011901855469,889.0051317214966,384.0,254.5,1,1,0,0
1757281556399155000,3.1076908111572266,-9.983736991882324,1162.492561340332,932.4458456039429,1317.0011901855469,889.0051317214966,393.5,253.5,1,1,0,0
1757281556475248600,3.1076908111572266,-9.983736991882324,1162.492561340332,932.4458456039429,1317.0011901855469,889.0051317214966,402.0,243.5,1,1,0,0
1757281556547109100,1.152279257774353,-2.907984495162964,1091.7196655273438,348.4535837173462,1317.0011901855469,889.0051317214966,411.5,245.5,1,1,0,0
1757281556617571000,-1.4032729864120483,-1.2939660549163818,888.4647560119629,205.41706323623657,1162.492561340332,889.0051317214966,466.0,277.5,1,1,0,0
1757281556685858700,-1.5211654901504517,-1.2968206405639648,870.695686340332,206.9595855474472,1162.492561340332,889.0051317214966,484.0,307.0,1,1,0,0
1757281556755263200,-1.934727430343628,-1.5602526664733887,784.416561126709,243.89780402183533,1091.7196655273438,348.4535837173462,492.0,316.0,1,1,0,0
1757281556821973800,-2.2712950706481934,-1.9096989631652832,648.2564735412598,291.7566955089569,888.4647560119629,291.7566955089569,500.0,300.0,1,1,0,0
1757281556891287500,-2.246776819229126,-1.8009984493255615,659.3534660339355,280.1300275325775,870.695686340332,291.7566955089569,502.5,300.5,1,1,0,0
1757281556964576800,-2.304664134979248,-3.1432175636291504,615.724983215332,388.03333282470703,784.416561126709,348.4535837173462,472.5,306.5,1,1,0,0
1757281557036382400,-2.292553424835205,-2.4921340942382812,574.3627738952637,331.16920351982117,659.3534660339355,291.7566955089569,522.5,280.5,1,1,0,0
1757281557106790100,-2.2786672115325928,-2.6563122272491455,559.8492050170898,360.25431632995605,659.3534660339355,331.16920351982117,520.5,301.5,1,1,0,0
1757281557182529300,-2.2786672115325928,-2.6563122272491455,559.8492050170898,360.25431632995605,615.724983215332,348.4535837173462,536.0,310.0,1,1,0,0
1757281557255898300,-2.0625927448272705,-1.7120630741119385,562.1726417541504,249.67468678951263,574.3627738952637,291.7566955089569,489.0,330.0,1,1,0,0
1757281557370800000,-2.11484956741333,-1.12589430809021,763.1895446777344,214.39981877803802,659.3534660339355,331.16920351982117,471.0,338.5,1,1,0,0
1757281557453682200,-2.203618288040161,-1.717829704284668,723.6785888671875,263.6122816801071,615.724983215332,291.7566955089569,506.5,306.5,1,1,0,0
1757281557534017700,-2.1549735069274902,-1.8799042701721191,741.7335319519043,274.1691827774048,659.3534660339355,274.1691827774048,502.5,314.0,1,1,0,0
1757281557657579700,-1.3765076398849487,-1.9092292785644531,859.5807266235352,270.37033796310425,723.6785888671875,274.1691827774048,497.5,300.0,1,1,0,0
1757281557751631400,2.942460298538208,-5.379212379455566,1718.9873886108398,490.06385564804077,723.6785888671875,291.7566955089569,479.0,302.5,1,1,0,0
1757281557821477400,2.916576623916626,-5.376071453094482,1736.6100311279297,485.5570363998413,741.7335319519043,274.1691827774048,488.0,280.0,1,1,0,0
1757281557897760400,3.2054991722106934,-4.9579010009765625,1729.0420532226562,473.6789917945862,859.5807266235352,291.7566955089569,503.5,302.5,1,1,0,0
1757281557969202600,2.24471378326416,-7.623128414154053,1887.2799682617188,665.1671504974365,1718.9873886108398,473.6789917945862,456.5,295.5,1,1,0,0
1757281558048493000,2.254500389099121,-7.674556732177734,1897.291145324707,658.3255863189697,1729.0420532226562,473.6789917945862,462.5,315.5,1,1,0,0
1757281558118770200,1.8941887617111206,-6.604518413543701,1995.1231384277344,546.5112662315369,1729.0420532226562,473.6789917945862,485.5,307.0,1,1,0,0
1757281558187017100,1.9301952123641968,-6.569690227508545,2008.066635131836,556.2643575668335,1887.2799682617188,546.5112662315369,476.5,305.5,1,1,0,0
1757281558258232400,2.4193296432495117,-7.2585015296936035,1947.916259765625,642.1619725227356,1897.291145324707,546.5112662315369,460.0,289.5,1,1,0,0
1757281558325946000,2.342395782470703,-6.316128730773926,1995.2936553955078,554.3844723701477,1947.916259765625,546.5112662315369,479.0,275.5,1,1,0,0
1757281558393213500,2.3127472400665283,-6.530512809753418,2003.5224151611328,575.6771993637085,1947.916259765625,554.3844723701477,466.5,278.5,1,1,0,0
1757281558461529700,2.120643377304077,-6.745543956756592,1958.5885620117188,578.7723183631897,1947.916259765625,554.3844723701477,468.5,292.0,1,1,0,0
1757281558537234000,2.1550405025482178,-8.150053977966309,1887.619400024414,739.8121690750122,1947.916259765625,554.3844723701477,464.0,287.5,1,1,0,0
1757281558611033200,2.068457841873169,-8.11462688446045,1925.8550262451172,735.2105927467346,1947.916259765625,575.6771993637085,481.0,301.0,1,1,0,0
1757281558686327300,2.7227041721343994,-8.187899589538574,1529.2120742797852,704.1804814338684,1947.916259765625,578.7723183631897,465.5,307.0,1,1,0,0
1757281558753588800,2.706151247024536,-7.802923202514648,1547.6252746582031,685.0339508056641,1925.8550262451172,685.0339508056641,452.5,297.0,1,1,0,0
1757281558836975700,2.616318464279175,-7.78309965133667,1549.6572875976562,681.0941290855408,1925.8550262451172,681.0941290855408,455.5,284.0,1,1,0,0
1757281558922379300,2.903404951095581,-6.085951328277588,1570.049057006836,576.1181545257568,1570.049057006836,578.7723183631897,455.0,293.0,1,1,0,0
1757281559000821500,2.9402360916137695,-8.260405540466309,1497.1707916259766,747.0617938041687,1570.049057006836,685.0339508056641,469.5,295.5,1,1,0,0
1757281559075620100,3.0209522247314453,-8.224295616149902,1484.410057067871,746.5975999832153,1570.049057006836,681.0941290855408,470.5,295.5,1,1,0,0
1757281559151643300,2.397979974746704,-9.089090347290039,1471.8802642822266,811.6485285758972,1570.049057006836,685.0339508056641,442.5,266.5,1,1,0,0
1757281559240551400,2.8391692638397217,-14.02799129486084,1483.4780502319336,887.4738264083862,1497.1707916259766,746.5975999832153,371.5,274.0,1,1,0,0
1757281559326617600,2.612061023712158,-14.432062149047852,1521.9406127929688,868.7328457832336,1521.9406127929688,746.5975999832153,347.5,242.0,1,1,0,0
1757281559401401400,2.5363011360168457,-14.3422212600708,1524.224853515625,875.5789160728455,1524.224853515625,811.6485285758972,341.5,242.5,1,1,0,0
1757281559479754600,2.5999596118927,-13.892792701721191,1485.446662902832,907.1110725402832,1497.1707916259766,868.7328457832336,353.0,248.5,1,1,0,0
1757281559545578700,2.8082685470581055,-14.337967872619629,1502.8887176513672,868.9201068878174,1521.9406127929688,868.7328457832336,352.0,240.5,1,1,0,0
1757281559611925000,2.7130143642425537,-14.323822975158691,1506.148681640625,873.2222199440002,1506.148681640625,868.9201068878174,345.0,247.5,1,1,0,0
1757281559688193900,2.6860668659210205,-14.042889595031738,1480.8456802368164,893.9805221557617,1497.1707916259766,868.9201068878174,332.0,274.5,1,1,0,0
1757281559848213200,1.9553693532943726,-9.086527824401855,1609.8359298706055,840.9282088279724,1521.9406127929688,868.7328457832336,344.0,221.0,1,1,0,0
1757281559892352300,2.42716908454895,-2.721778154373169,1298.6552810668945,328.12976717948914,1506.148681640625,868.9201068878174,403.0,259.5,1,1,0,0
1757281559936530600,2.606264352798462,-2.833685874938965,1228.6130905151367,375.5259132385254,1497.1707916259766,868.7328457832336,386.5,259.0,1,1,0,0
1757281559978179500,2.606264352798462,-2.833685874938965,1228.6130905151367,375.5259132385254,1497.1707916259766,840.9282088279724,392.0,260.0,1,1,0,0
1757281560024100500,2.481393814086914,-2.812436103820801,1180.1201248168945,379.69194173812866,1298.6552810668945,379.69194173812866,416.5,268.5,1,1,0,0
1757281560071301600,2.605668067932129,-2.424327850341797,1210.627670288086,347.65262246131897,1228.6130905151367,379.69194173812866,426.5,261.5,1,1,0,0
1757281560117469800,2.511855363845825,-2.585991621017456,1207.053337097168,358.12904119491577,1228.6130905151367,379.69194173812866,437.5,247.5,1,1,0,0
1757281560159204100,2.4971210956573486,-2.4347457885742188,1199.1089630126953,344.1383385658264,1210.627670288086,379.69194173812866,425.0,265.0,1,1,0,0
1757281560201875700,2.441147565841675,-2.384251832962036,1172.5884246826172,339.2777895927429,1210.627670288086,358.12904119491577,400.5,269.0,1,1,0,0
1757281560240659900,2.5136005878448486,-2.3027119636535645,1180.3660583496094,333.9779269695282,1207.053337097168,358.12904119491577,393.5,251.5,1,1,0,0
1757281560281846300,2.6071064472198486,-2.40938663482666,1258.267478942871,313.26040506362915,1210.627670288086,344.1383385658264,371.5,229.5,1,1,0,0
1757281560322986300,2.1301217079162598,-2.1578426361083984,1472.6445007324219,162.6495462656021,1210.627670288086,339.2777895927429,358.5,229.5,1,1,0,0
1757281560361707700,2.126633405685425,-2.2670555114746094,1467.0568084716797,160.06406843662262,1210.627670288086,333.9779269695282,379.0,225.0,1,1,0,0
1757281560401837200,2.1147115230560303,-2.282226085662842,1478.9586639404297,160.4899924993515,1258.267478942871,313.26040506362915,364.5,233.5,1,1,0,0
1757281560440999600,2.0262744426727295,-2.8674864768981934,1510.3606796264648,123.96514534950256,1467.0568084716797,162.6495462656021,402.5,252.5,1,1,0,0
1757281560484675800,2.4572856426239014,-2.305586814880371,1458.9454650878906,115.10304898023605,1458.9454650878906,160.4899924993515,437.5,328.5,1,1,0,0
1757281560526839000,2.330980062484741,-2.5254969596862793,1458.2321548461914,149.74059998989105,1458.2321548461914,160.4899924993515,431.5,298.0,1,1,0,0
1757281560566541300,2.464230537414551,-1.9101955890655518,1412.6684188842773,181.70519828796387,1458.9454650878906,162.6495462656021,442.0,304.5,1,1,0,0
1757281560607672500,2.4749786853790283,-1.9874281883239746,1417.068099975586,176.6394603252411,1458.2321548461914,160.4899924993515,440.0,302.5,1,1,0,0
1757281560646777300,2.6566789150238037,-1.900951623916626,1423.8492965698242,146.34098052978516,1458.2321548461914,160.4899924993515,434.5,327.5,1,1,0,0
1757281560687429500,2.2131268978118896,-1.4557814598083496,1308.3681106567383,95.93254745006561,1423.8492965698242,160.4899924993515,409.5,259.5,1,1,0,0
1757281560724539600,2.2797515392303467,-1.6080322265625,1335.080223083496,99.92124438285828,1423.8492965698242,160.4899924993515,405.0,266.5,1,1,0,0
1757281560765702500,-1.2739994525909424,-1.8147180080413818,240.76266288757324,89.5275691151619,1423.8492965698242,146.34098052978516,449.5,262.0,1,1,0,0
1757281560805804900,-0.880753755569458,-2.1258201599121094,176.90118312835693,66.46151036024094,1335.080223083496,99.92124438285828,465.5,252.0,1,1,0,0
1757281560846916400,-0.9566853642463684,-1.984046220779419,186.40153884887695,75.35568863153458,1335.080223083496,99.92124438285828,453.0,250.0,1,1,0,0
1757281560886649000,-1.194043517112732,-1.8117575645446777,259.01392936706543,64.68046590685844,259.01392936706543,89.5275691151619,473.5,285.0,1,1,0,0
1757281560925764400,-0.9504244923591614,-2.125880002975464,199.54630851745605,57.58454382419586,259.01392936706543,75.35568863153458,481.0,270.5,1,1,0,0
1757281560963548500,-1.0388933420181274,-2.1341657638549805,212.0725679397583,59.6603000164032,259.01392936706543,75.35568863153458,514.5,283.5,1,1,0,0
1757281561020694600,-0.6956068277359009,-2.320895195007324,189.4105625152588,47.34289348125458,259.01392936706543,64.68046590685844,485.0,281.0,1,1,0,0
1757281561069367300,-0.8606874942779541,-2.1516377925872803,202.77448654174805,52.05857902765274,212.0725679397583,59.6603000164032,485.5,288.5,1,1,0,0
1757281561107471100,-0.847922682762146,-2.1941909790039062,205.3781032562256,49.731228947639465,212.0725679397583,59.6603000164032,492.0,285.0,1,1,0,0
1757281561142574900,-1.1601160764694214,-1.83217453956604,256.37563705444336,66.26035273075104,256.37563705444336,64.68046590685844,484.0,274.5,1,1,0,0
1757281561181752200,-0.9653099179267883,-2.018684148788452,199.03289794921875,68.26945871114731,212.0725679397583,59.6603000164032,501.5,270.0,1,1,0,0
1757281561219334000,-0.9719728827476501,-1.9969751834869385,196.37858390808105,71.78922235965729,212.0725679397583,64.68046590685844,492.5,267.0,1,1,0,0
1757281561260582000,-0.7463287115097046,-2.319265365600586,204.99544143676758,45.883714109659195,212.0725679397583,64.68046590685844,480.5,273.5,1,1,0,0
1757281561300696300,-0.9151482582092285,-1.977165699005127,238.2107448577881,51.97418197989464,212.0725679397583,59.6603000164032,501.0,330.0,1,1,0,0
1757281561336312200,-0.8101553916931152,-2.1656391620635986,200.1485252380371,48.60347405076027,212.0725679397583,59.6603000164032,509.5,280.0,1,1,0,0
1757281561373945700,-1.0576211214065552,-1.958178997039795,218.89300346374512,73.41937243938446,212.0725679397583,64.68046590685844,498.0,292.0,1,1,0,0
1757281561411109300,-0.8652653694152832,-2.1324851512908936,176.98410987854004,69.17543649673462,212.0725679397583,59.6603000164032,477.5,316.0,1,1,0,0
1757281561450710500,-0.7981562614440918,-2.117265462875366,173.33191394805908,59.33247238397598,212.0725679397583,59.6603000164032,478.0,287.0,1,1,0,0
1757281561488887900,-2.205578565597534,-1.3613052368164062,764.498462677002,221.41068398952484,212.0725679397583,64.68046590685844,415.5,258.0,1,1,0,0
1757281561528995600,2.391914129257202,-5.676835060119629,1180.2727890014648,650.4036498069763,212.0725679397583,64.68046590685844,391.0,248.5,1,1,0,0
1757281561566664700,1.225472092628479,-8.2124605178833,1507.2379302978516,838.7122964859009,212.0725679397583,64.68046590685844,363.5,221.0,1,1,0,0
1757281561613344200,0.37715357542037964,-10.3486909866333,1682.0019149780273,993.2236289978027,764.498462677002,221.41068398952484,350.5,211.0,1,1,0,0
1757281561663560400,0.5532525777816772,-10.374463081359863,1671.0742950439453,996.0942149162292,1180.2727890014648,650.4036498069763,371.0,215.5,1,1,0,0
1757281561703690700,0.4903220534324646,-10.258209228515625,1662.7535247802734,993.868260383606,1507.2379302978516,838.7122964859009,362.5,205.0,1,1,0,0
1757281561740788400,0.5704027414321899,-9.839970588684082,1638.094367980957,939.269642829895,1638.094367980957,939.269642829895,368.5,225.0,1,1,0,0
1757281561776907100,0.1757170408964157,-8.773909568786621,1743.1625747680664,776.6003823280334,1638.094367980957,776.6003823280334,366.5,223.0,1,1,0,0
1757281561816013300,0.1750296801328659,-8.870192527770996,1764.8303604125977,797.6828670501709,1638.094367980957,838.7122964859009,366.5,214.5,1,1,0,0
1757281561852884000,1.5378167629241943,-4.502107620239258,1632.2407150268555,232.77718842029572,1638.094367980957,797.6828670501709,372.5,222.0,1,1,0,0
1757281561891024200,1.8202141523361206,-3.7413597106933594,1532.5475692749023,233.28613758087158,1638.094367980957,776.6003823280334,391.5,241.5,1,1,0,0
1757281561930647700,1.7153501510620117,-3.691498279571533,1536.229133605957,234.11167323589325,1638.094367980957,776.6003823280334,381.5,234.0,1,1,0,0
1757281561969253900,1.7766265869140625,-3.5660080909729004,1512.011947631836,231.36832058429718,1632.2407150268555,234.11167323589325,413.0,246.0,1,1,0,0
1757281562006396700,1.9280328750610352,-3.3702473640441895,1471.8474197387695,265.3660601377487,1536.229133605957,265.3660601377487,417.0,255.0,1,1,0,0
1757281562044530600,1.9207288026809692,-3.4927263259887695,1481.5482330322266,283.07329058647156,1536.229133605957,283.07329058647156,423.5,240.0,1,1,0,0
1757281562084233000,0.9512888789176941,-6.390241622924805,1671.5422439575195,410.65555572509766,1632.2407150268555,265.3660601377487,431.0,223.0,1,1,0,0
1757281562123354600,1.1605501174926758,-6.816751003265381,1591.090965270996,522.2067832946777,1536.229133605957,283.07329058647156,457.0,267.5,1,1,0,0
1757281562160986700,1.031090259552002,-7.109992027282715,1595.171012878418,542.4368405342102,1591.090965270996,283.07329058647156,443.0,222.5,1,1,0,0
1757281562197588500,1.0428069829940796,-6.793069362640381,1607.9965209960938,532.9943811893463,1607.9965209960938,410.65555572509766,411.0,235.5,1,1,0,0
1757281562235702100,1.0591731071472168,-6.888288497924805,1579.2539978027344,542.4033665657043,1579.2539978027344,522.2067832946777,418.0,217.5,1,1,0,0
1757281562275305400,0.8514766097068787,-7.312304973602295,1623.6713790893555,567.6711273193359,1595.171012878418,532.9943811893463,392.0,236.5,1,1,0,0
1757281562318429200,0.24524728953838348,-9.618300437927246,1718.7079238891602,878.5805654525757,1607.9965209960938,532.9943811893463,401.0,225.5,1,1,0,0
1757281562367570200,0.3454135060310364,-11.253982543945312,1709.4446182250977,1023.4214615821838,1607.9965209960938,542.4033665657043,358.5,228.0,1,1,0,0
1757281562404774100,0.3069431185722351,-11.517218589782715,1722.0470809936523,1024.3663930892944,1623.6713790893555,567.6711273193359,330.0,178.5,1,1,0,0
1757281562440852800,0.33586788177490234,-12.3148832321167,1756.4191818237305,1018.7862181663513,1709.4446182250977,878.5805654525757,343.0,204.0,1,1,0,0
1757281562480455700,0.389071524143219,-11.932038307189941,1763.2634353637695,1027.5512480735779,1709.4446182250977,1018.7862181663513,336.0,212.0,1,1,0,0
1757281562519067300,0.5151734352111816,-11.582576751708984,1743.4485626220703,1028.573362827301,1722.0470809936523,1018.7862181663513,344.5,212.0,1,1,0,0
1757281562557212800,0.29821622371673584,-12.373024940490723,1757.658348083496,1022.1069002151489,1743.4485626220703,1018.7862181663513,344.5,204.5,1,1,0,0
1757281562594505700,0.42249321937561035,-12.25125503540039,1763.7214279174805,1023.5861277580261,1743.4485626220703,1022.1069002151489,342.0,215.5,1,1,0,0
1757281562634628500,0.39866966009140015,-11.320342063903809,1707.5443267822266,1008.3163976669312,1722.0470809936523,1018.7862181663513,364.5,221.0,1,1,0,0
1757281562673358600,0.2965247631072998,-11.682307243347168,1758.0094528198242,1021.0629630088806,1743.4485626220703,1021.0629630088806,346.5,219.5,1,1,0,0
1757281562711508700,0.34799546003341675,-12.115931510925293,1774.6000671386719,1026.285674571991,1743.4485626220703,1022.1069002151489,373.0,217.5,1,1,0,0
1757281562747103500,0.21482954919338226,-12.392844200134277,1805.4551696777344,1020.7859659194946,1743.4485626220703,1020.7859659194946,331.0,204.0,1,1,0,0
1757281562785729900,0.13166825473308563,-12.39665699005127,1787.2464752197266,1022.7217268943787,1758.0094528198242,1021.0629630088806,351.0,216.0,1,1,0,0
1757281562822848500,0.43610554933547974,-12.254530906677246,1772.3529052734375,1020.8498239517212,1772.3529052734375,1021.0629630088806,345.0,190.0,1,1,0,0
1757281562860448800,0.45382583141326904,-12.339019775390625,1772.5683975219727,1018.5471367835999,1772.3529052734375,1020.7859659194946,351.5,202.5,1,1,0,0
1757281562899550900,1.027752161026001,-10.776362419128418,1546.3393020629883,1033.9920258522034,1758.0094528198242,1021.0629630088806,304.5,207.5,1,1,0,0
1757281562941178000,1.9299343824386597,-8.471854209899902,1075.378761291504,923.0903220176697,1772.3529052734375,1020.8498239517212,325.0,255.5,1,1,0,0
1757281562978314800,2.0323004722595215,-8.767239570617676,1090.6618881225586,939.2648148536682,1758.0094528198242,1020.7859659194946,343.0,225.0,1,1,0,0
1757281563036674300,0.09118743240833282,-1.752671480178833,977.1407318115234,256.47782027721405,1546.3393020629883,1020.7859659194946,331.0,231.5,1,1,0,0
1757281563075288600,-0.46288466453552246,-1.0959508419036865,920.3786087036133,158.20383310317993,1090.6618881225586,939.2648148536682,354.5,269.5,1,1,0,0
1757281563114512500,0.011145386844873428,-1.2123481035232544,955.6058120727539,183.62233936786652,1090.6618881225586,939.2648148536682,358.5,289.5,1,1,0,0
1757281563151626600,-0.8751938343048096,-0.9863120317459106,866.3655853271484,128.69278013706207,977.1407318115234,256.47782027721405,411.0,323.0,1,1,0,0
1757281563192244100,-0.01787574216723442,-1.0308213233947754,966.4247131347656,143.1798952817917,966.4247131347656,183.62233936786652,399.5,300.5,1,1,0,0
1757281563228845400,-0.1958996206521988,-0.9839004278182983,955.5378913879395,122.94541239738464,966.4247131347656,183.62233936786652,403.0,300.0,1,1,0,0
1757281563267442200,0.014543551951646805,-1.0258874893188477,963.0136871337891,137.5386142730713,966.4247131347656,143.1798952817917,433.5,332.5,1,1,0,0
1757281563304615000,0.18263527750968933,-1.0161163806915283,999.3413543701172,122.70968645811081,966.4247131347656,143.1798952817917,443.5,328.5,1,1,0,0
1757281563341742200,-0.47225266695022583,-1.0728135108947754,917.8946685791016,107.57220268249512,966.4247131347656,137.5386142730713,492.0,307.5,1,1,0,0
1757281563406508000,-0.396574467420578,-1.007416844367981,927.0504570007324,137.2690361738205,966.4247131347656,137.5386142730713,485.0,323.5,1,1,0,0
1757281563444600600,0.09174449741840363,-1.0856473445892334,981.0272598266602,113.97648900747299,966.4247131347656,137.2690361738205,494.5,299.5,1,1,0,0
1757281563482298100,-0.651851236820221,-0.9600846171379089,902.0771026611328,120.44913947582245,966.4247131347656,137.2690361738205,438.0,326.0,1,1,0,0
1757281563520897100,0.7935512065887451,-1.1736927032470703,1081.5287017822266,94.070163667202,966.4247131347656,137.2690361738205,420.0,337.5,1,1,0,0
1757281563557541200,0.576686441898346,-1.195307731628418,1047.7315521240234,87.0881536602974,966.4247131347656,120.44913947582245,420.5,322.5,1,1,0,0
1757281563595651500,1.0623501539230347,-1.4203987121582031,1131.0341262817383,76.2252151966095,966.4247131347656,120.44913947582245,449.0,319.0,1,1,0,0
1757281563635848900,0.7859323620796204,-1.5198633670806885,1092.7496337890625,70.89866995811462,1047.7315521240234,94.070163667202,466.0,332.0,1,1,0,0
1757281563672524500,1.034263014793396,-1.9206042289733887,1151.455421447754,60.08305370807648,1047.7315521240234,87.0881536602974,481.0,338.0,1,1,0,0
1757281563711732400,0.8447291851043701,-1.8130414485931396,1118.8928604125977,58.6639666557312,1092.7496337890625,76.2252151966095,454.0,339.0,1,1,0,0
1757281563750825900,1.0044398307800293,-1.655043125152588,1132.5759887695312,69.23898071050644,1092.7496337890625,70.89866995811462,448.5,332.0,1,1,0,0
1757281563787955200,0.9685097932815552,-1.3693654537200928,1107.6623153686523,84.67302292585373,1107.6623153686523,84.67302292585373,458.0,302.0,1,1,0,0
1757281563825108100,2.0536844730377197,-1.7130920886993408,1294.2870712280273,80.40950149297714,1107.6623153686523,76.2252151966095,423.0,325.0,1,1,0,0
1757281563858247600,1.9978806972503662,-3.0279903411865234,1577.2145462036133,107.02153980731964,1107.6623153686523,80.40950149297714,438.5,321.5,1,1,0,0
1757281563895353400,2.056678295135498,-2.9215331077575684,1549.7649765014648,104.8230966925621,1107.6623153686523,84.67302292585373,453.0,302.5,1,1,0,0
1757281563932566100,2.0358309745788574,-3.043997287750244,1581.3599395751953,114.16041076183319,1294.2870712280273,84.67302292585373,456.5,271.0,1,1,0,0
1757281563971358300,2.14505672454834,-2.7235023975372314,1568.9812088012695,106.4260733127594,1549.7649765014648,104.8230966925621,477.0,312.5,1,1,0,0
1757281564010458500,2.234701633453369,-2.3942227363586426,1502.8547286987305,146.09864830970764,1502.8547286987305,104.8230966925621,478.5,299.5,1,1,0,0
1757281564050593000,2.007568359375,-3.345500946044922,1581.7555618286133,96.9078066945076,1549.7649765014648,96.9078066945076,507.0,288.5,1,1,0,0
1757281564089737900,1.9383931159973145,-3.2473840713500977,1583.4124374389648,105.3915587067604,1549.7649765014648,104.8230966925621,485.0,288.5,1,1,0,0
1757281564127847600,2.088721990585327,-2.742344379425049,1533.053970336914,108.01715701818466,1533.053970336914,104.8230966925621,508.0,304.0,1,1,0,0
1757281564167955300,2.230956554412842,-2.436749219894409,1522.405014038086,129.02535527944565,1549.7649765014648,104.8230966925621,458.5,306.0,1,1,0,0
1757281564208067500,2.0523698329925537,-2.9283976554870605,1564.2101669311523,103.4271839261055,1549.7649765014648,104.8230966925621,430.0,267.5,1,1,0,0
1757281564246283600,2.0778636932373047,-2.773106813430786,1575.7319641113281,110.69162249565125,1549.7649765014648,104.8230966925621,474.0,301.0,1,1,0,0
1757281564282934800,2.128326654434204,-2.7397167682647705,1561.4814376831055,143.62975001335144,1549.7649765014648,104.8230966925621,495.0,280.5,1,1,0,0
1757281564320609500,2.2638394832611084,-2.6429662704467773,1541.385726928711,106.9919040799141,1549.7649765014648,104.8230966925621,487.5,310.5,1,1,0,0
1757281564357236300,2.2106950283050537,-2.783249855041504,1567.1390533447266,118.10822278261185,1549.7649765014648,106.9919040799141,472.5,291.5,1,1,0,0
1757281564400869900,2.1150243282318115,-2.9615566730499268,1604.9791717529297,115.05533248186111,1549.7649765014648,106.9919040799141,487.5,299.0,1,1,0,0
1757281564444021100,1.9353382587432861,-3.2660398483276367,1611.9496536254883,129.03090745210648,1549.7649765014648,106.9919040799141,475.0,291.5,1,1,0,0
1757281564484667400,1.8264143466949463,-3.2661452293395996,1609.0621948242188,128.4162014722824,1567.1390533447266,115.05533248186111,477.0,273.0,1,1,0,0
1757281564524771700,1.246820092201233,-4.560069561004639,1735.7315826416016,89.0634959936142,1604.9791717529297,106.9919040799141,448.5,270.0,1,1,0,0
1757281564564923300,1.270615816116333,-4.773305416107178,1755.4410552978516,81.32420986890793,1609.0621948242188,106.9919040799141,470.0,262.5,1,1,0,0
1757281564604074000,1.4115983247756958,-4.501542568206787,1769.6550750732422,94.32682693004608,1609.0621948242188,106.9919040799141,452.0,252.0,1,1,0,0
1757281564651841400,1.4175457954406738,-4.502458095550537,1749.880714416504,88.68745297193527,1735.7315826416016,94.32682693004608,462.5,240.5,1,1,0,0
1757281564699088200,1.2851306200027466,-4.684365749359131,1773.790397644043,80.13292282819748,1749.880714416504,94.32682693004608,525.5,252.5,1,1,0,0
1757281564740743400,1.2799186706542969,-4.906894683837891,1782.2963333129883,92.19336837530136,1749.880714416504,94.32682693004608,507.5,234.5,1,1,0,0
1757281564784908600,2.160043716430664,-2.6555519104003906,1511.4778518676758,145.46777665615082,1735.7315826416016,94.32682693004608,417.5,281.5,1,1,0,0
1757281564826153100,2.1095101833343506,-2.622926950454712,1493.4134674072266,137.1081840991974,1749.880714416504,94.32682693004608,459.0,287.5,1,1,0,0
1757281564872847000,2.1911747455596924,-2.6157546043395996,1499.6698379516602,194.9208015203476,1735.7315826416016,94.32682693004608,463.5,269.0,1,1,0,0
1757281564914997600,2.0266964435577393,-2.826073169708252,1548.1359100341797,121.6475960612297,1548.1359100341797,121.6475960612297,447.0,306.0,1,1,0,0
1757281564960673200,1.9764485359191895,-3.3143186569213867,1615.3902053833008,116.1166262626648,1615.3902053833008,116.1166262626648,461.0,319.0,1,1,0,0
1757281565004837100,2.272243022918701,-2.586703300476074,1526.282844543457,159.98408496379852,1548.1359100341797,121.6475960612297,459.5,286.0,1,1,0,0
1757281565050443500,2.338775396347046,-2.2878921031951904,1491.1612701416016,155.47988891601562,1548.1359100341797,121.6475960612297,471.0,314.0,1,1,0,0
1757281565089047400,2.1874501705169678,-2.869722366333008,1480.133285522461,169.9699330329895,1548.1359100341797,121.6475960612297,440.5,305.5,1,1,0,0
1757281565125170600,2.0131070613861084,-3.3021199703216553,1570.2032089233398,144.56301391124725,1548.1359100341797,144.56301391124725,432.5,296.5,1,1,0,0
1757281565163391500,2.1966514587402344,-2.935699939727783,1520.3407287597656,152.04771280288696,1548.1359100341797,144.56301391124725,465.0,313.0,1,1,0,0
1757281565200527700,2.1322686672210693,-2.891143560409546,1506.65771484375,208.4196299314499,1548.1359100341797,144.56301391124725,456.0,291.5,1,1,0,0
1757281565237172900,1.916134238243103,-2.93520450592041,1530.1333236694336,168.32822799682617,1548.1359100341797,144.56301391124725,468.5,308.0,1,1,0,0
1757281565273361400,1.9975528717041016,-2.843320369720459,1486.1016082763672,182.14246809482574,1530.1333236694336,152.04771280288696,472.5,297.5,1,1,0,0
1757281565310476500,2.0956931114196777,-2.732111930847168,1517.6981735229492,167.38738417625427,1530.1333236694336,167.38738417625427,440.0,291.5,1,1,0,0
1757281565347065300,2.14264178276062,-2.6547727584838867,1475.4542541503906,209.16735470294952,1530.1333236694336,167.38738417625427,482.0,263.5,1,1,0,0
1757281565385299000,2.001025915145874,-3.0238418579101562,1523.5869598388672,163.54265749454498,1523.5869598388672,163.54265749454498,456.5,286.5,1,1,0,0
1757281565421467800,1.9754970073699951,-2.9610953330993652,1488.1377410888672,207.2772341966629,1523.5869598388672,167.38738417625427,491.0,263.5,1,1,0,0
1757281565460580500,2.23079252243042,-2.4145021438598633,1477.5210571289062,151.64137423038483,1523.5869598388672,167.38738417625427,472.0,298.5,1,1,0,0
1757281565495198600,2.2097365856170654,-2.628190755844116,1486.0115432739258,193.76297235488892,1523.5869598388672,167.38738417625427,444.0,291.5,1,1,0,0
1757281565538332300,2.1801490783691406,-2.5735206604003906,1518.285255432129,155.92448115348816,1518.285255432129,167.38738417625427,452.5,287.5,1,1,0,0
1757281565575467700,2.2979555130004883,-2.379037857055664,1522.8572845458984,159.40541982650757,1522.8572845458984,167.38738417625427,443.0,268.5,1,1,0,0
1757281565615698900,2.111494302749634,-2.8799400329589844,1568.0060577392578,145.29488682746887,1523.5869598388672,167.38738417625427,449.5,294.0,1,1,0,0
1757281565654325900,2.2456634044647217,-2.3045425415039062,1427.2056198120117,203.72997522354126,1518.285255432129,167.38738417625427,446.0,297.0,1,1,0,0
1757281565691467100,2.068896532058716,-2.6345417499542236,1453.1197357177734,199.15644943714142,1522.8572845458984,167.38738417625427,442.5,294.0,1,1,0,0
1757281565728051900,2.318295955657959,-2.238649606704712,1466.0929870605469,189.69812214374542,1518.285255432129,167.38738417625427,456.5,317.0,1,1,0,0
1757281565764702700,2.147210121154785,-2.576409339904785,1479.0465545654297,178.01778316497803,1479.0465545654297,178.01778316497803,496.5,309.0,1,1,0,0
1757281565803812800,2.2638773918151855,-2.4014792442321777,1485.6598663330078,142.6579749584198,1485.6598663330078,167.38738417625427,474.5,293.5,1,1,0,0
1757281565839927400,2.1701486110687256,-2.720013380050659,1527.0715713500977,173.44868302345276,1518.285255432129,173.44868302345276,453.5,296.5,1,1,0,0
1757281565878108400,2.306809902191162,-2.1729326248168945,1413.1767654418945,213.44423353672028,1479.0465545654297,178.01778316497803,428.5,300.0,1,1,0,0
1757281565917224200,2.3183224201202393,-2.0239851474761963,1390.3444290161133,193.7812703847885,1485.6598663330078,173.44868302345276,445.0,295.5,1,1,0,0
1757281565955025300,2.233581781387329,-2.332632064819336,1533.7113189697266,163.40192198753357,1518.285255432129,173.44868302345276,442.0,306.5,1,1,0,0
1757281565992158200,2.3157689571380615,-2.131603956222534,1443.5770797729492,212.56993532180786,1479.0465545654297,178.01778316497803,453.5,304.0,1,1,0,0
1757281566026753400,1.4208791255950928,-4.805175304412842,1630.2162551879883,227.3587667942047,1485.6598663330078,178.01778316497803,501.0,247.5,1,1,0,0
1757281566061452300,0.48284727334976196,-7.405548572540283,1735.2994537353516,403.1653368473053,1518.285255432129,178.01778316497803,431.5,236.0,1,1,0,0
1757281566100574900,0.5822890400886536,-7.592566967010498,1738.600845336914,465.5712425708771,1518.285255432129,212.56993532180786,456.0,234.0,1,1,0,0
1757281566130657300,0.6075298190116882,-7.353643417358398,1690.6582260131836,415.50171732902527,1630.2162551879883,227.3587667942047,429.0,249.5,1,1,0,0
1757281566160724000,0.33791691064834595,-7.8727641105651855,1719.7976303100586,440.53255319595337,1690.6582260131836,403.1653368473053,415.5,241.5,1,1,0,0
1757281566205360300,0.5459207892417908,-7.523834705352783,1783.6894226074219,366.3286507129669,1690.6582260131836,366.3286507129669,420.0,242.0,1,1,0,0
